{
  "state": {
    "n": 730,
    "mean": [
      -11.693589363061479,
      -17.725718762612466,
      34.999938681154276,
      70.35651638262293,
      31.34783720798045,
      14.295710756793175
    ],
    "m2": [
      38589.71434119805,
      1385228.2041232446,
      1298171.2680376072,
      34755.692503820785,
      226027.93152831195,
      113565.20046386142
    ],
    "min": [
      -31.546088872567026,
      -98.26689774696708,
      -48.97045658012533,
      57.77301927194861,
      1.2966804979253084,
      1.0491803278688525
    ],
    "max": [
      1.6525890561880345,
      51.6464471403813,
      99.10474485228292,
      84.15417558886509,
      54.460580912863065,
      30.62295081967213
    ]
  },
  "action": {
    "n": 730,
    "mean": [
      -11.62154735492276,
      -18.785356555096445,
      33.815976604586744,
      70.20919522742305,
      31.410359880482243,
      13.914367017404503
    ],
    "m2": [
      38468.25057282411,
      1375459.9548980976,
      1338493.6608571277,
      36621.86591257009,
      226623.16490892624,
      120068.31095980242
    ],
    "min": [
      -31.946508172362556,
      -99.48141745894554,
      -52.0,
      57.45407945322512,
      1.125949201361621,
      0.0
    ],
    "max": [
      2.080237741456159,
      50.90751944684527,
      99.19101123595507,
      85.13455788124733,
      54.64781356376014,
      30.676328502415455
    ]
  },
  "images": {
    "gripper": {
      "n": 2150400,
      "mean": [
        0.38608310291628833,
        0.36326597447430686,
        0.37643948191670507
      ],
      "m2": [
        45562.79704260785,
        43737.87471554138,
        42630.70221325834
      ],
      "min": [
        0.0470588244497776,
        0.03921568766236305,
        0.08235294371843338
      ],
      "max": [
        1.0,
        1.0,
        1.0
      ]
    },
    "overview": {
      "n": 2150400,
      "mean": [
        0.49534130825269673,
        0.4641151415323503,
        0.4436524576321777
      ],
      "m2": [
        43262.36642497069,
        46698.9589123325,
        46914.97269444281
      ],
      "min": [
        0.0,
        0.0,
        0.0
      ],
      "max": [
        1.0,
        1.0,
        1.0
      ]
    }
  },
  "num_frames": 730,
  "image_samples": 7
}